{
  "dataset_revision": "b0fddb56ed78048fa8b90373c8a3cfc37b684831",
  "mteb_dataset_name": "STSBenchmark",
  "mteb_version": "1.1.1",
  "test": {
    "cos_sim": {
      "pearson": 0.8274064144931726,
      "spearman": 0.8203246160625794
    },
    "euclidean": {
      "pearson": 0.8255616645571149,
      "spearman": 0.8203246731235654
    },
    "evaluation_time": 0.37,
    "manhattan": {
      "pearson": 0.8249144435927824,
      "spearman": 0.8194552526855261
    }
  }
}