{
  "dataset_revision": "4f58c6b202a23cf9a4da393831edf4f9183cad37",
  "mteb_dataset_name": "EmotionClassification",
  "mteb_version": "1.1.1",
  "test": {
    "accuracy": 0.40255,
    "accuracy_stderr": 0.02251716012289294,
    "evaluation_time": 17.28,
    "f1": 0.36428384122362245,
    "f1_stderr": 0.019760079423129538,
    "main_score": 0.40255
  }
}