{
  "dataset_revision": "b0fddb56ed78048fa8b90373c8a3cfc37b684831",
  "mteb_dataset_name": "STSBenchmark",
  "mteb_version": "1.1.1",
  "test": {
    "cos_sim": {
      "pearson": 0.8277152143371216,
      "spearman": 0.820875306144014
    },
    "euclidean": {
      "pearson": 0.8287138004791768,
      "spearman": 0.820875306144014
    },
    "evaluation_time": 4.81,
    "manhattan": {
      "pearson": 0.8283473422192569,
      "spearman": 0.8205732111700118
    }
  }
}