{
  "dataset_revision": "b0fddb56ed78048fa8b90373c8a3cfc37b684831",
  "mteb_dataset_name": "STSBenchmark",
  "mteb_version": "1.1.1",
  "test": {
    "cos_sim": {
      "pearson": 0.8274064133607434,
      "spearman": 0.8203246731235654
    },
    "euclidean": {
      "pearson": 0.8255616649968122,
      "spearman": 0.8203246731235654
    },
    "evaluation_time": 10.02,
    "manhattan": {
      "pearson": 0.824914436629652,
      "spearman": 0.8194552526855261
    }
  }
}