{
  "dataset_revision": "b0fddb56ed78048fa8b90373c8a3cfc37b684831",
  "mteb_dataset_name": "STSBenchmark",
  "mteb_version": "1.1.1",
  "test": {
    "cos_sim": {
      "pearson": 0.850912734631245,
      "spearman": 0.8674284101095883
    },
    "euclidean": {
      "pearson": 0.8621243194909617,
      "spearman": 0.8674284101095883
    },
    "evaluation_time": 35.97,
    "manhattan": {
      "pearson": 0.8619577804875219,
      "spearman": 0.8672392978037169
    }
  }
}