{
  "dataset_revision": "b0fddb56ed78048fa8b90373c8a3cfc37b684831",
  "mteb_dataset_name": "STSBenchmark",
  "mteb_version": "1.1.1",
  "test": {
    "cos_sim": {
      "pearson": 0.8530604276986496,
      "spearman": 0.8682711746371271
    },
    "euclidean": {
      "pearson": 0.8630436286825238,
      "spearman": 0.8682698060866881
    },
    "evaluation_time": 21.82,
    "manhattan": {
      "pearson": 0.862699345141513,
      "spearman": 0.8678833371904312
    }
  }
}