{
  "dataset_revision": "b0fddb56ed78048fa8b90373c8a3cfc37b684831",
  "mteb_dataset_name": "STSBenchmark",
  "mteb_version": "1.1.1",
  "test": {
    "cos_sim": {
      "pearson": 0.8530622238662153,
      "spearman": 0.8682855570462027
    },
    "euclidean": {
      "pearson": 0.8630404444348649,
      "spearman": 0.8682855570462027
    },
    "evaluation_time": 20.04,
    "manhattan": {
      "pearson": 0.8626950254680679,
      "spearman": 0.8678887570232137
    }
  }
}