{
  "dataset_revision": "b0fddb56ed78048fa8b90373c8a3cfc37b684831",
  "mteb_dataset_name": "STSBenchmark",
  "mteb_version": "1.1.1",
  "test": {
    "cos_sim": {
      "pearson": 0.8464757471700782,
      "spearman": 0.8641801045690194
    },
    "euclidean": {
      "pearson": 0.8576006580698861,
      "spearman": 0.8641801045690194
    },
    "evaluation_time": 7.52,
    "manhattan": {
      "pearson": 0.8576838747803491,
      "spearman": 0.8641820379328712
    }
  }
}