{
  "dataset_revision": "b0fddb56ed78048fa8b90373c8a3cfc37b684831",
  "mteb_dataset_name": "STSBenchmark",
  "mteb_version": "1.1.1",
  "test": {
    "cos_sim": {
      "pearson": 0.8509222070151712,
      "spearman": 0.8674263690821096
    },
    "euclidean": {
      "pearson": 0.8621307986068171,
      "spearman": 0.8674263690821096
    },
    "evaluation_time": 18.78,
    "manhattan": {
      "pearson": 0.8619655551798077,
      "spearman": 0.8672718992662048
    }
  }
}