{
  "dataset_revision": "b0fddb56ed78048fa8b90373c8a3cfc37b684831",
  "mteb_dataset_name": "STSBenchmark",
  "mteb_version": "1.1.1",
  "test": {
    "cos_sim": {
      "pearson": 0.8568021028047952,
      "spearman": 0.8707853552709408
    },
    "euclidean": {
      "pearson": 0.8656209734379022,
      "spearman": 0.8707853552709408
    },
    "evaluation_time": 18.77,
    "manhattan": {
      "pearson": 0.8649959978280223,
      "spearman": 0.8701305382212091
    }
  }
}